﻿<?xml version="1.0" encoding="utf-8"?>
<publishData>
  <publishProfile publishUrl="C:\Users\Jonathan Nix\Desktop\PublishedWebsite" deleteExistingFiles="False" ftpAnonymousLogin="False" ftpPassiveMode="True" msdeploySite="" msdeploySiteID="" msdeployRemoteSitePhysicalPath="" msdeployAllowUntrustedCertificate="False" msdeploySkipExtraFilesOnServer="True" msdeployMarkAsApp="False" profileName="Profile1" publishMethod="FileSystem" replaceMatchingFiles="True" userName="" savePWD="False" userPWD="" SelectedForPublish="True">
    <file relUrl="Web.config" publishTime="07/16/2012 10:41:11" />
    <file relUrl="Scripts/_internal.js" publishTime="07/16/2012 09:44:37" />
    <file relUrl="Scripts/System.Controller.js" publishTime="07/16/2012 09:44:37" />
    <file relUrl="Scripts/System.Drawing.js" publishTime="07/16/2012 09:44:37" />
    <file relUrl="default.htm" publishTime="07/16/2012 09:44:37" />
    <file relUrl="Scripts/System.Animation.js" publishTime="07/16/2012 09:44:37" />
    <file relUrl="Scripts/System.Image.js" publishTime="07/16/2012 09:44:37" />
    <file relUrl="Scripts/System.World.js" publishTime="07/16/2012 09:44:37" />
    <file relUrl="bin/GraphingCalculator.dll" publishTime="07/16/2012 10:42:58" />
    <file relUrl="Scripts/System.Audio.js" publishTime="07/16/2012 09:44:37" />
    <file relUrl="Scripts/StudentCode.CORE.js" publishTime="07/16/2012 10:07:07" />
    <file relUrl="bin/GraphingCalculator.pdb" publishTime="07/16/2012 10:42:58" />
  </publishProfile>
</publishData>